name,url,username,password,note
2kdb.net,https://2kdb.net/,Bigbubs00,Frog3764/,
a069-access.nyc.gov,https://a069-access.nyc.gov/accesshra/login,bryanblairjr@gmail.com,Frog3764/,
acceptancenow.ansiradigital.com,https://acceptancenow.ansiradigital.com/Epay/Logon.aspx,bblairjr,Dick1234,
access.paylocity.com,https://access.paylocity.com/,Brybla0521,Frog3764/,
account.activedirectory.windowsazure.com,https://account.activedirectory.windowsazure.com/ChangePassword.aspx,bryan.blair@gqrgm.com,Frog3764/,
account.blinkfitness.com,https://account.blinkfitness.com/public/registration-bridge,bryanblairjr@gmail.com,Frog3764/,
account.docusign.com,https://account.docusign.com/oauth/auth,bryan.blair@gqrgm.com,Frog3764//,
account.docusign.com,https://account.docusign.com/username,bryanblairjr@gmail.com,Frog3764/,
account.docusign.com,https://account.docusign.com/v2/usertoaccountinvite/tokenhandler,bryan.blair@gqr.com,Frog3764//,
account.grammarly.com,https://account.grammarly.com/,b.blair@sciproglobal.com,Dick1234/,
account.grammarly.com,https://account.grammarly.com/,bryanblairjr@gmail.com,Dick1234/,
account.live.com,https://account.live.com/password/reset,bryan.blair@quinnipiac.edu,Frog3764/,
account.nj.sportsbook.fanduel.com,https://account.nj.sportsbook.fanduel.com/join,b.blairjr@outlook.com,Frog3764/,
account.underarmour.com,https://account.underarmour.com/en-us/password_reset/bcd06148-819b-4491-9aae-0e87d0b7de55,bryanblairjr@gmail.com,Frog3764/,
accounts.creditkarma.com,https://accounts.creditkarma.com/authorize,bryan.blair@quinnipiac.edu,Xanex7675/,
accounts.google.com,https://accounts.google.com/ServiceLogin,bryan.blair@quinnipiac.edu,Dickupinhercunt/,
accounts.google.com,https://accounts.google.com/ServiceLoginAuth,bryanblairjr@gmail.com,Frog3764$,
accounts.google.com,https://accounts.google.com/signin/v2/challenge/pwd,b.blair.sciproglobal@gmail.com,Frog3764/,
accounts.google.com,https://accounts.google.com/signin/v2/challenge/pwd,b.blair@sciproglobal.com,Frog3764/,
accounts.google.com,https://accounts.google.com/signin/v2/challenge/pwd,bigbubs6969,Frog3764/,
accounts.google.com,https://accounts.google.com/signin/v2/challenge/pwd,bryanblairjr,Frog3764$,
accounts.google.com,https://accounts.google.com/signin/v2/sl/pwd,austinplumbing.helpdesk@gmail.com,Fuck1234/,
accounts.google.com,https://accounts.google.com/signin/v2/sl/pwd,bryan.blair@austinplumbingny.com,Dick1234/,
accounts.google.com,https://accounts.google.com/signup/v2/webcreateaccount,nomeansyes3737,frog3764/,
accounts.google.com,https://accounts.google.com/signup/v2/webpersonaldetails,austinplumbing.helpdesk,Fuck1234/,
accounts.intuit.com,https://accounts.intuit.com/,bryanblairjr0,Frog3764/,
accounts.intuit.com,https://accounts.intuit.com/index.html,bryan.blair@quinnipiac.edu,Dick1234/,
accounts.mobisystems.com,https://accounts.mobisystems.com/,bryan.blair@quinnipiac.edu,Dick12345/,
accounts.mobisystems.com,https://accounts.mobisystems.com/en/,bryanblairjr@gmail.com,Dick12345/,
accounts.nike.com,https://accounts.nike.com/challenge,bryanblairjr@gmail.com,Frog3764/,
accounts.principal.com,https://accounts.principal.com/app/bookmark/0oadm2qe1orihoKba5d7/login,bmblair00,Frog3764/,
accounts.zoho.com,https://accounts.zoho.com/accounts/register,b.blair@sciproglobal.com,Frog3764/,
acdmglobal.org,https://acdmglobal.org/my-account/,bblair@greenkeyllc.com,Frog3764/,
admin.typeform.com,https://admin.typeform.com/signup,bryan.blair@quinnipiac.edu,Dick12345/,
adobeid-na1.services.adobe.com,https://adobeid-na1.services.adobe.com/renga-idprovider/pages/login,bryan.blair@quinnipiac.edu,Dick1234/,
airtable.com,https://airtable.com/signup,bryan.blair@quinnipiac.edu,Dick12345/,
angel.co,https://angel.co/jobs/signup,bryan.blair@quinnipiac.edu,Dick1234/,
api.id.me,https://api.id.me/en/registration/new,b.blairjr@outlook.com,Frog3764/,
app.autojob.app,https://app.autojob.app/register,bryan.blair@gqrgm.com,Frog3764/,
app.claritymoney.com,https://app.claritymoney.com/,bryan.blair@quinnipiac.edu,Dick1234/,
app.teammatehq.com,https://app.teammatehq.com/sign-up,bryanblairjr@gmail.com,Frog3764/,
app.truconversion.com,https://app.truconversion.com/lifetimedeal/register,bryan.blair@gqr.com,Frog3764/,
appleid.apple.com,https://appleid.apple.com/auth/authorize,bryanblairjr@icloud.com,Frog3764//,
auth-37wallresidents.buildinglink.com,https://auth-37wallresidents.buildinglink.com/,bblair101,Frog3764/,
auth.buildinglink.com,https://auth.buildinglink.com/,bblair101,Frog3764/,
auth.gymshark.com,https://auth.gymshark.com/,,Frog3764!,
auth.hulu.com,https://auth.hulu.com/web/login,bblair@greenkeyllc.com,Frog3764/,
auth.lendingtree.com,https://auth.lendingtree.com/account/loginslim,bryan.blair@quinnipiac.edu,Dick1234,
auth.services.adobe.com.mcas.ms,https://auth.services.adobe.com.mcas.ms/en_US/deeplink.html,bblair@greenkeyllc.com,Frog3764/,
auth.ticketmaster.com,https://auth.ticketmaster.com/as/authorization.oauth2,bryanblairjr@gmail.com,Frog3764/,
auth0.openai.com,https://auth0.openai.com/u/signup/password,bblair@greenkeyllc.com,Frog3764/3764/,
auth0.taplio.com,https://auth0.taplio.com/u/login,bblair@greenkeyllc.com,Frog3764/,
awesemo.slack.com,https://awesemo.slack.com/join/shared_invite_confirmed/enQtNTM0MTI5Nzk2NzU0LWQyZGEyNWQ3M2Y2Zjc5NGRmNmM4MGMxZDhiZWU2MGM2ODU3MmFjMjY3ZjY3MjM5ZTYzMDA0Njc0ZGJjOGI0Mjk,BigBubs1,Dick1234/,
bd-sales-recruiter-summit.heysummit.com,https://bd-sales-recruiter-summit.heysummit.com/affiliate/signup/,bryan.blair@gqr.com,Frog3764/,
bobcatconnect.qu.edu,https://bobcatconnect.qu.edu/reset-password/1364bd6681792c23a071658b5deed37e9d43728a5b6d28305959baf308b1bc2c,bryan.blair@quinnipiac.edu,Frog3764/,
buy.spectrum.com,https://buy.spectrum.com/buyflow/customer-login,37wallstreet@charter.net,37-Wall-Street,
care.siriusxm.com,https://care.siriusxm.com/sirpromologinsetup_execute.action,bryanblairjr@gmail.com,Frog3764!,
casino.nj.betmgm.com,https://casino.nj.betmgm.com/en/labelhost/login,b.blair1996@yahoo.com,Dick1234/,
cbt.twa.rentmanager.com,https://cbt.twa.rentmanager.com//applynow/createaccount,bryan.blair@quinnipiac.edu,Xanex7675/,
cdn.registerdisney.go.com,https://cdn.registerdisney.go.com/v2/ESPN-ONESITE.WEB-PROD/en-US,bryanblairjr@gmail.com,Frog3764/,
cdn.registerdisney.go.com,https://cdn.registerdisney.go.com/v2/ESPN-ONESITE.WEB-PROD/en-US,jrjets7@gmail.com,Ilovelulu3,
chat.openai.com,https://chat.openai.com/gpts/editor/g-5OUYZNJCE,bblair@greenkeyllc.com,Frog3764/3764/,
checkout.sharkclean.com,https://checkout.sharkclean.com/,Money Signs ,Frog3764/$,
citrix.quinnipiac.edu,https://citrix.quinnipiac.edu/vpn/index.html,bmblair,Frog3764/,
citrix.quinnipiac.edu,https://citrix.quinnipiac.edu/vpn/index.html,bryan.blair@quinnipiac.edu,Frog3764/,
client.elitemgtsol.com,https://client.elitemgtsol.com/Account/Login,BBlair198582,Dick1234/,
community-scdm.org,https://community-scdm.org/Login.aspx,bryanblairjr,Frog3764!,
comparativesolutions.summitfor.me,https://comparativesolutions.summitfor.me/Account/ChangeOEPassword,bryanblair1,Frog3764/,
comparativesolutions.summitfor.me,https://comparativesolutions.summitfor.me/Account/UserAccount,bblair100196,Frog3764/,
connect.ct.gov,https://connect.ct.gov/access/auth/accessController,bryanblair1,Xanex7675/,
connect.mheducation.com,https://connect.mheducation.com/paamweb/index.html,bryan.blair@quinnipiac.edu,Fuck1234/,
creditwise.capitalone.com,https://creditwise.capitalone.com/login,bryanblairjr1,Fuck1234/,
ct.playsugarhouse.com,https://ct.playsugarhouse.com/,Bryanblairjr@gmail.com,Frog3764!!,
curiositystream.com,https://curiositystream.com/,bryanblairjr@gmail.com,Frog3764/,
dashboard.arccosgolf.com,https://dashboard.arccosgolf.com/confirm,bryanblairjr@gmail.com,Frog1776/,
destiny.myfinanceservice.com,https://destiny.myfinanceservice.com/,bryanblairjr@gmail.com,Frog3764!!,
digital.fidelity.com,https://digital.fidelity.com/prgw/digital/login/full-page,bryanblairjr,Frog3764//,
discord.com,https://discord.com/channels/1047197230748151888/onboarding,bblair@greenkeyllc.com,Frog3764/,
discord.com,https://discord.com/register,bryan.blair@gqr.com,Frog3764/,
discordapp.com,https://discordapp.com/channels/456864351870124032/456864352356532245,bryanblairjr@gmail.com,Dick1234/,
eat.9fold.me,https://eat.9fold.me/,bryanblairjr@gmail.com,Frog3764/,
elearning.msf-usa.org,https://elearning.msf-usa.org/login/index.php,Josephrispoli@yahoo.com,xzpw9ndi,
enroll.schwab.com,https://enroll.schwab.com/AoUI/,bryanblair1,Dick1234/,
fafsa.ed.gov,https://fafsa.ed.gov/spa/fafsa/,bryanblair1,Dick1234,
fantasy.nfl.com,https://fantasy.nfl.com/account/sign-in,BigBubs00,Frog3764/,
finapp.pp.yodlee.com,https://finapp.pp.yodlee.com/finapp/10003600/,bigbubs00,Frog3764/,
finapp.pp.yodlee.com,https://finapp.pp.yodlee.com/finapp/10003600/,bmblair12,Dick1234/,
finapp.pp.yodlee.com,https://finapp.pp.yodlee.com/finapp/10003600/,bryanblair1,107816,
forums.golfwrx.com,https://forums.golfwrx.com/store/,bryanblairjr@gmail.com,Frog3764/,
founderscard.com,https://founderscard.com/activations/3694be2b-d43d-49af-8e69-0af433e0f1fd,bblair@greenkeyllc.com,Frog3764/,
fourfoundationsofgolf.com,https://fourfoundationsofgolf.com/course-checkout,bryanblairjr@gmail.com,Frog3764/,
fsaid.ed.gov,https://fsaid.ed.gov/npas/index.htm,bryanblair1,Dick1234,
getdryft.com,https://getdryft.com/,b.blair@sciproglobal.com,Frog3764/,
getdryft.com,https://getdryft.com/customer/account/edit/,bryanblairjr@gmail.com,Frog3764/,
github.com,https://github.com/login,B.blairjr@outlook.com,Frog3764/,
github.com,https://github.com/login,austinplumbing.helpdesk@gmail.com,Xanex7675/,
github.com,https://github.com/login,bryan.blair@quinnipiac.edu,Dick1234/,
global.americanexpress.com,https://global.americanexpress.com/login,bmblair3,Dick1234,
global.americanexpress.com,https://global.americanexpress.com/login/en-US,bmb*****,Dick1234,
global.americanexpress.com,https://global.americanexpress.com/login/en-US,bmblair3,Dick1234,
global.americanexpress.com,https://global.americanexpress.com/login/en-US,bmb•••••,Dick1234,
gmail.todoist.com,https://gmail.todoist.com/users/showlogin,b.blairjr@outlook.com,frog3764/,
go.kliknpay.com,https://go.kliknpay.com/ImperialParking/Common/CreateProfile.aspx,bryanblairjr@gmail.com,Dick1234,
gqr1.myfreshworks.com,https://gqr1.myfreshworks.com/login,bryanblairjr@gmail.com,Frog3764//,
gsuite.google.com,https://gsuite.google.com/signup/basic/accountandrecaptcha,bryan.blair,Dick1234/,
gsuite.google.com,https://gsuite.google.com/signup/enterprise/accountandrecaptcha,bmblair,Dick1234/,
gupscorner.com,https://gupscorner.com/register/,bigbubs,Dick1234/,
hbr.org,https://hbr.org/reset-password,bryan.blair@quinnipiac.edu,Hockey19!,
hbsp.harvard.edu,https://hbsp.harvard.edu/import/700773,bryan.blair@quinnipiac.edu,Dick1234!,
help.steampowered.com,https://help.steampowered.com/,,h5FiA7QZVYXKzW5,
hollandnumerics.org.uk,https://hollandnumerics.org.uk/wordpress/membership-login/,bryanblairjr@gmail.com,Frog3764/,
http://bryanblair.com,http://bryanblair.com/wordpress1/wp-login.php,bblairwp,Fuck1234/ ,
huggingface.co,https://huggingface.co/join,bryanblairjr@gmail.com,Frog3764/,
hunter.io,https://hunter.io/users/sign_in,bblair@greenkeyllc.com,Frog3764/,
huntr.co,https://huntr.co/signup/chrome,bryanblairjr@gmail.com,Frog3764/,
id.myaccount.pseg.com,https://id.myaccount.pseg.com/email/verify/0oaxulbnje2jbdNme357,bryanblairjr,Frog3764/,
id.nfl.com,https://id.nfl.com/account/sign-in,BigBubs00,Frog3764/,
id.spectrum.net,https://id.spectrum.net/recover,37wallstreet@charter.net,37-Wall-Street,
id.spglobal.com,https://id.spglobal.com/SP/idm/idmlogin/public/resetPassword.do,bryan.blair@quinnipiac.edu,Fuck1234/,
identity.biocentury.com,https://identity.biocentury.com/,bblair@greenkeyllc.com,Frog3764/,
idmsa.apple.com,https://idmsa.apple.com/appleauth/auth/authorize/signin,bryanblairjr@icloud.com,Frog3764//,
idmsa.apple.com,https://idmsa.apple.com/authenticate,bryan.blair@quinnipiac.edu,?Frog1776,
ifttt.com,https://ifttt.com/login,bryan.blair@quinnipiac.edu,Dick1234/,
intelagreeb2c.b2clogin.com,https://intelagreeb2c.b2clogin.com/intelagreeb2c.onmicrosoft.com/b2c_1a_signuporsignin/oauth2/v2.0/authorize,bryan.blair@gqr.com,Yek72383,
intelagreeb2c.b2clogin.com,https://intelagreeb2c.b2clogin.com/intelagreeb2c.onmicrosoft.com/b2c_1a_signuporsignin/oauth2/v2.0/authorize,bryan.blair@gqrgm.com,Yek72383,
ipark.com,https://ipark.com/ipark-rewards-login/,bryanblairjr@gmail.com,Frog3764/,
ipark.reviewmyinvoice.com,https://ipark.reviewmyinvoice.com/accounts/register/,bryanblairjr@gmail.com,Frog3764/,
ipnpb.paypal.com,https://ipnpb.paypal.com/,bryan.blair@quinnipiac.edu,Frog3764//3764,
is.quinnipiac.edu,https://is.quinnipiac.edu/passwordresetbeta2/(S(zb13vv55z3uvhq45mb0pao3f))/ResetPassword.aspx,,Hockey19!,
jobs.axa,https://jobs.axa/careersection/iam/accessmanagement/register.jsf,bryanblair1,Frog3764/,
jobs.biospace.com,https://jobs.biospace.com/logon/,Bryanblairjr@gmail.com,Frog3764//,
kits4less.com,https://kits4less.com/,bryanblairjr@gmail.com,Frog3764/,
kudos.training,https://kudos.training/checkout/,bryanblairjr@gmail.com,Frog3764/,
landing.registerdisney.go.com,https://landing.registerdisney.go.com/,bryanblairjr@gmail.com,Frog3764/,
lms.schwab.com,https://lms.schwab.com/Login,bryanblair1,Dick1234/,
login-register.gnc.com,https://login-register.gnc.com/s/setpasswordpage,bryanblairjr@gmail.com,Frog3764//,
login.amtrak.com,https://login.amtrak.com/,bryan.blair@quinnipiac.edu,Frog3764//,
login.buffalowildwings.com,https://login.buffalowildwings.com/,bryanblairjr@gmail.com,Frog3764/,
login.ct.gov,https://login.ct.gov/ctidentity/registration,bblair001,Frog3764/,
login.flex.paychex.com,https://login.flex.paychex.com/login_static/index.html,bryanblairjr,Frog37643764@,
login.jerseymikes.com,https://login.jerseymikes.com/,bryanblairjr@gmail.com,Frog3764/,
login.live.com,https://login.live.com/login.srf,b.blair@sciproglobal.com,Xanex7675/,
login.live.com,https://login.live.com/login.srf,b.blairjr@bryanblair.onmicrosoft.com,frog3764/,
login.live.com,https://login.live.com/login.srf,b.blairjr@outlook.com,Frog3764$$,
login.live.com,https://login.live.com/login.srf,bryan.blair@quinnipiac.edu,Frog3764/,
login.mailchimp.com,https://login.mailchimp.com/signup/,bblair1,Frog3764/,
login.microsoftonline.com,https://login.microsoftonline.com/,b.blairjr@bryanblair.onmicrosoft.com,frog376,
login.microsoftonline.com,https://login.microsoftonline.com/,b.blairjr@bryanblair.onmicrosoft.com,frog3764/,
login.microsoftonline.com,https://login.microsoftonline.com/,bmblair,Frog3764/,
login.microsoftonline.com,https://login.microsoftonline.com/849d97fa-43bc-49a5-8eea-7f7e17eed45c/oauth2/v2.0/authorize,bryan.blair@gqrgm.com,Frog3764////,
login.microsoftonline.com,https://login.microsoftonline.com/common/oauth2/authorize,b.blair@sciproglobal.com,frog3764/,
login.microsoftonline.com,https://login.microsoftonline.com/common/oauth2/authorize,bblair@greenkeyllc.com,Frog37643764//,
login.microsoftonline.com,https://login.microsoftonline.com/common/oauth2/v2.0/authorize,b.blairjr@outlook.com,Frog3764$$,
login.target.com,https://login.target.com/gsp/static/v1/login/,bryan.blair@quinnipiac.edu,Dick1234/,
login.yahoo.com,https://login.yahoo.com/account/challenge/password,b.blair1996@yahoo.com,Dick1234/,
login.yahoo.com,https://login.yahoo.com/account/challenge/password,bryanblairjr@gmail.com,Dick1234/,
login.yahoo.com,https://login.yahoo.com/account/challenge/password,joseph.rispoli,Ilovelulu3,
login.yahoo.com,https://login.yahoo.com/account/challenge/password,josephrispoli,Ilovelulu3,
login.yahoo.com,https://login.yahoo.com/account/challenge/password,josephrispoli@yahoo.com,Ilovelulu3,
login.yahoo.com,https://login.yahoo.com/account/challenge/password,jrjets7@gmail.com,Ilovelulu3,
login.yahoo.com,https://login.yahoo.com/account/create,b.blair1996,Dick1234/,
login.zoominfo.com,https://login.zoominfo.com/,bryan.blair@gqr.com,Frog3764//,
login.zoominfo.com,https://login.zoominfo.com/,cchasen@greenkeyllc.com,Greenkey@25,
login.zoominfo.com,https://login.zoominfo.com/,mballinger@greenkeyllc.com,Greenkey@zoom1,
login.zoominfo.com,https://login.zoominfo.com/resetPassword,bblair@greenkeyllc.com,Frog3764/,
login.zoominfo.com,https://login.zoominfo.com/resetPassword,bryan.blair@gqrgm.com,Frog3764//,
m.facebook.com,https://m.facebook.com/,bryan.blair@quinnipiac.edu,Frog3764/,
mail.google.com,https://mail.google.com/mail/u/0/,bryan.blair@quinnipiac.edu,Frog3764/,
meet.odro.co.uk,https://meet.odro.co.uk/wyndenstark/invite/accept/JulF0AD1-,Bryan Blair,Frog3764//,
meet.odro.co.uk,https://meet.odro.co.uk/wyndenstark/login,bryan.blair@gqr.com,Frog3764//,
members.nj.bet365.com,https://members.nj.bet365.com/,bigbubs00,Frog3764/,
members.teamevilgsp.com,https://members.teamevilgsp.com/,bryanblairjr@gmail.com,Frog3764/,
mint.intuit.com,https://mint.intuit.com/settings.event,bigbubs00,Dickupinhercunt96/,
mint.intuit.com,https://mint.intuit.com/settings.event,bryanblair1,Dick1234/,
mint.intuit.com,https://mint.intuit.com/transaction.event,bryan.blair@quinnipiac.edu,Dick1234/,
mpbnfl.fantasypros.com,https://mpbnfl.fantasypros.com/addLeagueB/stepNdc1.jsp,bryan.blair@quinnipiac.edu,Dick1234/,
mpbnfl.fantasypros.com,https://mpbnfl.fantasypros.com/addLeagueB/stepNdc1.jsp,jrjets7@gmail.com,Ilovelulu3,
my.bluehost.com,https://my.bluehost.com/cgi-bin/cplogin,clh.vur.mybluehost.me,Dick1234/,
my.bluehost.com,https://my.bluehost.com/cgi/gsuite,austinplumbing.helpdesk@gmail.com,Dick1234/,
my.bluehost.com,https://my.bluehost.com/hosting/app,bblairwp,Dick1234/,
my.golfid.io,https://my.golfid.io/,bryanblairjr@gmail.com,Frog3764,
my.healthequity.com,https://my.healthequity.com/Signup/MemberActivation.aspx,bryanblairjr1,Frog3764/,
my.ny.gov,https://my.ny.gov/,Bryanblair00,Frog37643764$$,
my.ny.gov,https://my.ny.gov/LoginV4/changepw.xhtml,bryanblair00,Frog3764$$3764,
my.ny.gov,https://my.ny.gov/LoginV4/login.xhtml,bryanblairj@gmail.com,frog3764/,
my.ny.gov,https://my.ny.gov/LoginV4/login.xhtml,bryanblairjr,frog3764/,
my.pomodoneapp.com,https://my.pomodoneapp.com/profile/,bryanblairjr@gmail.com,Frog3764/,
my.ro.co,https://my.ro.co/sign-in,bryanblairjr@gmail.com,Frog3764/,
my.saleshandy.com,https://my.saleshandy.com/signup,bblair@greenkeyllc.com,Frog3764/,
myaccount.draftkings.com,https://myaccount.draftkings.com/,bryan.blair@quinnipiac.edu,Frog3764//,
myaccount.google.com,https://myaccount.google.com/u/2/signinoptions/password,bryan.blair@quinnipiac.edu,Dickupinhercunt/,
myaccount.google.com,https://myaccount.google.com/u/3/signinoptions/password,austinplumbing.helpdesk@gmail.com,Austinplumbingny1,
myapps.paychex.com,https://myapps.paychex.com/loginLite_remote/userPassword.do,bryanblairjr,Frog37643764@,
mybobs.zendesk.com,https://mybobs.zendesk.com/auth/v2/login/email_verification,Bryan Blair,Dick1234/,
mybobs.zendesk.com,https://mybobs.zendesk.com/auth/v2/login/signin,bryan.blair@quinnipiac.edu,Dick1234/,
mybookie.ag,https://mybookie.ag/signup.php,bryan.blair@quinnipiac.edu,dick9999,
mycw152.ecwcloud.com,https://mycw152.ecwcloud.com/,bryanblairjr@gmail.com,Frog3764/,
myidentity.platform.athenahealth.com,https://myidentity.platform.athenahealth.com/,bryanblairjr@gmail.com,Frog3764/,
myisolved.com,https://myisolved.com//AuthenticateUser.aspx,bryanblairjr@gmail.com,Frog3764/3764,
mylucenthealth.com,https://mylucenthealth.com/v3app/a/,bryanblair1,Frog3764/,
myq.quinnipiac.edu,https://myq.quinnipiac.edu/,bmblair,Frog3764/,
myturbotax.intuit.com,https://myturbotax.intuit.com/,bryan.blair@quinnipiac.edu,Dick1234/,
myturbotax.intuit.com,https://myturbotax.intuit.com/,bryanblairjr@gmail.com,Frog3764/,
myturbotax.intuit.com,https://myturbotax.intuit.com/sign-up/,bryanblairjr0,Frog3764/,
na.account.amazon.com,https://na.account.amazon.com/ap/signin,bryan.blair@quinnipiac.edu,Frog3764$,
na2.docusign.net,https://na2.docusign.net/Signing/,bryanblairjr@gmail.com,Frog3764/,
nb.fidelity.com,https://nb.fidelity.com/static/mybenefits/netbenefitslogin/,bryanblairjr,Frog3764//,
nebula.tv,https://nebula.tv/,bryanblairjr@gmail.com,Frog3764/,
nicokick.com,https://nicokick.com/,b.blairjr@outlook.com,Frog37643764/,
nj.pointsbet.com,https://nj.pointsbet.com/signup/,bryan.blair@quinnipiac.edu,Frog3764!,
noexcuses.bz,https://noexcuses.bz/,Bryanblairjr@gmail.com,Frog3764/,
notebook.zoho.com,https://notebook.zoho.com/signup.do,bryan.blair@quinnipiac.edu,Dick1234/,
numberball.com,https://numberball.com/yearly-sign-up/,bryan.blair@quinnipiac.edu,Dick1234/,
okta-login.zoominfo.com,https://okta-login.zoominfo.com/,bryan.blair@gqr.com,Frog3764//,
omny.info,https://omny.info/signin,bryan.blair@quinnipiac.edu,Hockey1996!,
online.americanexpress.com,https://online.americanexpress.com/myca/logon/us/action,bmb*****,Dick1234,
online.americanexpress.com,https://online.americanexpress.com/myca/logon/us/action/LogonHandler,bmblair3,Dick1234,
onlinebanking.tdbank.com,https://onlinebanking.tdbank.com/,bigbubs00,Frog3764/,
onlinebanking.tdbank.com,https://onlinebanking.tdbank.com/,bi•••••00,Frog3764/,
onlinebanking.tdbank.com,https://onlinebanking.tdbank.com/,bryanblair1,FuckDick1776/,
onlythebestaas.com,https://onlythebestaas.com/index.php,bryanblairjr@gmail.com,Frog3764/,
ordering.orders2.me,https://ordering.orders2.me/orders/5d348bfb4f5ee9ed637b23c9/view,bryan.blair@quinnipiac.edu,dick9999,
orders.dangelos.com,https://orders.dangelos.com/,06082,9617,
osgear.se,https://osgear.se/sign-in,bryanblairjr@gmail.com,Frog3764/,
outlook.live.com,https://outlook.live.com/mail/0/options/mail/accounts,Bryan.blair@quinnipiac.edu,Frog3764/,
passwordreset.microsoftonline.com,https://passwordreset.microsoftonline.com/,bmblair,Frog3764/,
patch.com,https://patch.com/connecticut/hamden/man-strikes-2-vehicles-while-driving-wrong-way-route-15,bryan.blair@quinnipiac.edu,Dick1234/,
pc00.paycomonline.com,https://pc00.paycomonline.com/v4/ats/web.php/session/index/set,bryan.blair@quinnipiac.edu,Dick1234/,
phaidoninternational.apply.cappats.com,https://phaidoninternational.apply.cappats.com/Account/Register,bryanblairjr@gmail.com,Frog3764/,
pi.pearsoned.com,https://pi.pearsoned.com/v1/piapi/piui/reset-pw/XY90zTD8DB,,Dick1234,
play.hbonow.com,https://play.hbonow.com/page/urn:hbo:page:home,bryan.blair@quinnipiac.edu,Dick1234/,
pmroids.cc,https://pmroids.cc/user-login,bryanblairjr@gmail.com,Frog3764/,
postmates.com,https://postmates.com/categories/american,bryan.blair@quinnipiac.edu,dick9999,
premiercreditmanager.creditexpert.com,https://premiercreditmanager.creditexpert.com/login,bryan.blair@quinnipiac.edu,Dick1234/,
promo.nj.betmgm.com,https://promo.nj.betmgm.com/en/promo/offers/p/sportsbook,b.blair1996@yahoo.com,Dick1234/,
pureanabolics.bz,https://pureanabolics.bz/my-account/,bryanblairjr@gmail.com,Frog3764/,
pwc.chase.com,https://pwc.chase.com/pwc/checkout/,bryanblair1,Fuck1776/,
qu.datacenter.adirondacksolutions.com,https://qu.datacenter.adirondacksolutions.com/qu_myparking_prod/security/qu_login.cfm,bmblair,Frog3764/,
quinnipiac-csm.symplicity.com,https://quinnipiac-csm.symplicity.com/students/index.php,bmblair,Frog3764/,
quinnipiac-sp.blackboard.com,https://quinnipiac-sp.blackboard.com/eaccounts/AnonymousHome.aspx,bmblair,Frog3764/,
quinnipiac-sp.transactcampus.com,https://quinnipiac-sp.transactcampus.com/,Bmblair,Frog3764/,
quinnipiac.blackboard.com,https://quinnipiac.blackboard.com/,bmblair,1L0v33x3L,
quinnipiac.blackboard.com,https://quinnipiac.blackboard.com/,bmblair,Frog3764/,
quinnipiac.onthehub.com,https://quinnipiac.onthehub.com/WebStore/Account/AccountDetailsRegistration.aspx,bryan.blair@quinnipiac.edu,Dick12345/,
reg.usps.com,https://reg.usps.com/entreg/LoginPortalAction_input,bryanblairB02,Dick1234/,
reg.usps.com,https://reg.usps.com/entreg/RegistrationAction_input,ashelysalas1,Dick1234/,
registration.ryte.com,https://registration.ryte.com/,austinplumbing.helpdesk@gmail.com,Dick1234/,
registration.stamps.com,https://registration.stamps.com/registration/reg/additional-information,bryanblairjr,Lexus LS 430,
renaissanceperiodization.com,https://renaissanceperiodization.com/male-physique-training-templates,bryanblairjr@gmail.com,Frog3764//,
ro.co,https://ro.co/pharmacy/ca/start,bryanblairjr@gmail.com,Frog3764/,
rocketreach.co,https://rocketreach.co/login,bblair@greenkeyllc.com,Frog3764/,
roidforsale.to,https://roidforsale.to/,bryanblairjr@gmail.com,Frog3764/,
roidsource.me,https://roidsource.me/,Averageandy1,Frog3764/,
rotogrinders.com,https://rotogrinders.com/sign-in,bryanblairjr1,Dick12345/,
rp.app,https://rp.app/login,bryanblairjr@gmail.com,Frog3764//,
sapling.ai,https://sapling.ai/user/register,b.blair@sciproglobal.com,Frog3764/,
secure.bankofamerica.com,https://secure.bankofamerica.com/applynow/confirmation.go,bryanblair1,Dick1234/,
secure.blooom.com,https://secure.blooom.com/signup/account,bryan.blair@quinnipiac.edu,Dick1234/,
secure.consumerreports.org,https://secure.consumerreports.org/ec/account/change-password,bryanblairjr@gmail.com,Frog3764/,
secure.creditsesame.com,https://secure.creditsesame.com/s/login,bryan.blair@quinnipiac.edu,Dick1234/,
secure.east.prophetservices.com,https://secure.east.prophetservices.com/,Bryanblairjr@hmail.com,Frog3764/,
secure.fantasypros.com,https://secure.fantasypros.com/accounts/login/,bryan.blair@quinnipiac.edu,dick9999,
secure.hulu.com,https://secure.hulu.com/account,,Frog3764/,
secure.indeed.com,https://secure.indeed.com/account/changeemail,bryan.blair@quinnipiac.edu,Dick1234/,
secure.indeed.com,https://secure.indeed.com/account/resetpassword,bryanblairjr@gmail.com,Dick1234/,
secure.maxpreps.com,https://secure.maxpreps.com/,bryanblairjr@gmail.com,dick9999,
secure.mealpal.com,https://secure.mealpal.com/signup,bryan.blair@quinnipiac.edu,Dick1234/,
secure.studentclearinghouse.org,https://secure.studentclearinghouse.org/tsdownload/faces/TSDownloadCenter,bryan.blair@quinnipiac.edu,72NHwqa7,
secure.verizon.com,https://secure.verizon.com/vzauth/UI/Login,Bryanblairjr@gmail.com,Frog3764$,
secure01b.chase.com,https://secure01b.chase.com/web/oao/application/retail,bryanblair1,Fuck1776/,
secure03b.chase.com,https://secure03b.chase.com/web/auth/,bryanblair1,Fuck1776/,
secure05c.chase.com,https://secure05c.chase.com/web/auth/logonbox,bryanblair1,Fuck1776/,
selfservice.quinnipiac.edu,https://selfservice.quinnipiac.edu/Student/Account/Login,bmblair,Frog3764/,
services.usps.com,https://services.usps.com/oauth/login,bryanblairB02,Dick1234/,
ship.pirateship.com,https://ship.pirateship.com/register,bryanblairjr@gmail.com,Frog3764/,
shop.apothecarium.com,https://shop.apothecarium.com/,bryanblairjr@gmail.com,Frog3764/,
shop.lululemon.com,https://shop.lululemon.com/account/login,bryanblairjr@gmail.com,Frog3764/,
shop.nuance.com,https://shop.nuance.com/store/,bryanblairjr@gmail.com,Frog3764/,
shop.velo.com,https://shop.velo.com/,bryanblairjr@gmail.com,Frog3764/,
shoppingcart.stevefinkel.com,https://shoppingcart.stevefinkel.com/us/account/login,bryanblairjr@gmail.com,Frog3764/,
signin.att.com,https://signin.att.com/dynamic/iamLRR/LrrController,gemurphy1@gmail.com,Ramapo2022,
signin.costco.com,https://signin.costco.com/e0714dd4-784d-46d6-a278-3e29553483eb/B2C_1A_SSO_WCS_signup_signin_467/api/CombinedSigninAndSignup/unified,bryanblairjr@gmail.com,Frog3764/,
signup.hulu.com,https://signup.hulu.com/,bryan.blair@quinnipiac.edu,Dick1234/,
signup.hulu.com,https://signup.hulu.com/login,,Frog3764/,
signup.lymemedia.net,https://signup.lymemedia.net/en/html/sf/registration/eone.html,bryan.blair@quinnipiac.edu,Dick1234/,
signup.talecrate.com,https://signup.talecrate.com/en/html/sf/registration/eone.html,bryan.blair@quinnipiac.edu,Dick1234/,
skillleap.ai,https://skillleap.ai/,bblair@greenkeyllc.com,Frog3764/,
skyline.avonow.com,https://skyline.avonow.com/,bryanblairjr@gmail.com,Frog3764/,
sportsbook.draftkings.com,https://sportsbook.draftkings.com/login,bryan.blair@quinnipiac.edu,Frog3764//,
sso.accounts.dowjones.com,https://sso.accounts.dowjones.com/login,b.blairjr@outlook.com,Frog3764/,
sso.ctdol.state.ct.us,https://sso.ctdol.state.ct.us/English/CommonLogin/CreateClaimantAccount.aspx,bryanblair1,Dick1234/,
sso.golfgalaxy.com,https://sso.golfgalaxy.com/,bryanblairjr@gmail.com,Frog3764/,
sso.ny.gov,https://sso.ny.gov/siteminderagent/forms/smpwservices.fcc,bryanblairj@gmail.com,frog3764/,
sso.quinnipiac.edu,https://sso.quinnipiac.edu/adfs/ls/,bmblair,Frog3764/,
sso.quinnipiac.edu,https://sso.quinnipiac.edu/adfs/ls/,bmblair@quinnipiac.edu,Frog3764/,
sso.quinnipiac.edu,https://sso.quinnipiac.edu/adfs/ls/,bryan.blair@quinnipiac.edu,Frog3764/,
sso.quinnipiac.edu,https://sso.quinnipiac.edu/adfs/ls/,quinnipiac.edu\bmblair,Dick12345/,
sso.rentacenter.com,https://sso.rentacenter.com/sso-login/signin.html,bryanblairjr@gmail.com,Dick1234/,
start.ro.co,https://start.ro.co/,bryanblairjr@gmail.com,Frog3764/,
stationatlyndhurst.securecafe.com,https://stationatlyndhurst.securecafe.com/,Bryanblairjr@gmail.com,Frog3764//,
steroidify.com,https://steroidify.com/products/supermed-10,bryanblairjr@gmail.com,Frog3764/,
stopandshop.com,https://stopandshop.com/registration,bryanblairjr@gmail.com,Frog3764/,
studentaid.gov,https://studentaid.gov/fsa-id/sign-in/landing,bryanblair1,Dick1234,
support.wpbakery.com,https://support.wpbakery.com/login,bryanblairjr@gmail.com,Dick1234/,
teamroids.to,https://teamroids.to/login,bryanblairjr@gmail.com,Frog3764/,
theguarantors.com,https://theguarantors.com/,bryanblairjr@gmail.com,Frog3764/,
tickets.amtrak.com,https://tickets.amtrak.com/itd/amtrak/3ds,bryan.blair@quinnipiac.edu,Frog3764//,
tickets.fandango.com,https://tickets.fandango.com/transaction/ticketing/express/Checkout.aspx,bryan.blair@quinnipiac.edu,Dick1234/,
titans.to,https://titans.to/,bryanblairjr@gmail.com,Frog3764/,
todoist.com,https://todoist.com/Users/login,b.blairjr@outlook.com,frog3764/,
touch.facebook.com,https://touch.facebook.com/,bryan.blair@quinnipiac.edu,Frog3764/,
turbotax.intuit.com,https://turbotax.intuit.com/,bryan.blair@quinnipiac.edu,Dick1234/,
twitter.com,https://twitter.com/login,bblair3,dick9999,
ucp.nord-apps.com,https://ucp.nord-apps.com/login/,bryan.blair@quinnipiac.edu,Fuckbushway96/,
ucp.nordlocker.com,https://ucp.nordlocker.com/new-password/,bryan.blair@quinnipiac.edu,Xanex1776/,
ucp.nordvpn.com,https://ucp.nordvpn.com/reset-password/,bryan.blair@quinnipiac.edu,Fuckbushway96/,
ui.sharpsports.io,https://ui.sharpsports.io/link/76f6067f-c5ee-40b0-a4a4-b88c5e4e359a/region/BSTA_IrIeP4vRNyPr1AdZvy9ZA/login,bblair.1996@yahoo.com,Frog3764/,
ui.sharpsports.io,https://ui.sharpsports.io/link/d6365963-ae0f-4f92-bb9a-d417891c840e/region/BSTA_IrIeP4vRNyPr1AdZvy9ZA/login,b.blair1996@yahoo.com,Frog3764/,
uiclaimsct.force.com,https://uiclaimsct.force.com/,bryan.blair@quinnipiac.edu,Dick1234/,
uiclaimsct.force.com,https://uiclaimsct.force.com/Customers,bryan.blair@quinnipiac.edu,Dick1234/,
ultragenyx.vndly.com,https://ultragenyx.vndly.com/sign_in/password,nate.osborn,Welcome123!,
underdogfantasy.com,https://underdogfantasy.com/register,bryanblairjr@gmail.com,Frog3764/,
unioncountygolf.ezlinksgolf.com,https://unioncountygolf.ezlinksgolf.com/index.html,bryanblairjr,Frog3764/!,
usa.experian.com,https://usa.experian.com/login/index,bryan.blair@quinnipiac.edu,Dick1234/,
venmo.com,https://venmo.com/account/sign-in,bryan.blair@quinnipiac.edu,Xanex1776/,
venmo.com,https://venmo.com/account/sign-in/,bryanblairjr@gmail.com,Dick1234/,
verified.capitalone.com,https://verified.capitalone.com/auth/signin,brya***********,Fuck1234/,
verified.capitalone.com,https://verified.capitalone.com/sic-ui/,bryanblairjr1,Fuck1234/,
vms.vectorvms.com,https://vms.vectorvms.com/login_entry.aspx,GQR.jobs,Welcome123!,
wa.quinnipiac.edu,https://wa.quinnipiac.edu/WA/WebAdvisor,bmblair,Frog3764/,
watch.spectrum.net,https://watch.spectrum.net/,37wallstreet@charter.net,37-Wall-Street,
watchnebula.com,https://watchnebula.com/login,bryan.blair@quinnipiac.edu,Dick1234/,
webmail100.com,https://webmail100.com/,KC0049,jr9688,
wikibuy.com,https://wikibuy.com/sign-in,bryan.blair@quinnipiac.edu,Dick1234/,
wordpress.com,https://wordpress.com/log-in,bryan.blair@quinnipiac.edu,Austinplumbingny1,
www.47brand.com,https://www.47brand.com/,bryanblairjr@gmail.com,Frog3764/,
www.activeandfitdirect.com,https://www.activeandfitdirect.com/MyAccount/identity/profile/changeEmail,bryanblairjr@gmail.com,Frog3764/,
www.activeandfitdirect.com,https://www.activeandfitdirect.com/identity/login,bryanblairjr,Frog3764/,
www.activeandfitdirect.com,https://www.activeandfitdirect.com/identity/registration/step2,jessicasaraiva,Frog3764/,
www.adamyounggolf.com,https://www.adamyounggolf.com/nlg-main/,bryanblairjr,Frog3764/,
www.amazon.com,https://www.amazon.com/ap/signin,bblair3094@aol.com,bookpass,
www.amazon.com,https://www.amazon.com/ap/signin,bryan.blair@quinnipiac.edu,Frog3764$,
www.americanexpress.com,https://www.americanexpress.com/,bmblair3,Dick1234,
www.amtrak.com,https://www.amtrak.com/home.html,bryan.blair@quinnipiac.edu,Frog3764//,
www.aporders.com,https://www.aporders.com/login/,bryanblairjr@gmail.com,Frog3764/,
www.avaloncommunities.com,https://www.avaloncommunities.com/,bryanblairjr@gmail.com,Frog3764/,
www.avonow.com,https://www.avonow.com/,bryanblairjr@gmail.com,Frog3764/,
www.awesemo.com,https://www.awesemo.com/login2/,bryanblairjr@gmail.com,Dick1234/,
www.awesemo.com,https://www.awesemo.com/register2/,bryanblairjr2,Dick1234/,
www.awesemo.com,https://www.awesemo.com/register2/,bryanblairjr3,Dick1234/,
www.bankofamerica.com,https://www.bankofamerica.com/,bryanblair1,Dick1234/,
www.bedbathandbeyond.com,https://www.bedbathandbeyond.com/store/account/Registration,bryan.blair@quinnipiac.edu,Dick1234/,
www.beenverified.com,https://www.beenverified.com/app/login,bryanblairjr@gmail.com,Dick1234/,
www.betterhelp.com,https://www.betterhelp.com/login/,bryanblairjr@gmail.com,Frog3764/,
www.betterhelp.com,https://www.betterhelp.com/start/,bryan.blair@quinnipiac.edu,Dick1234/,
www.biospace.com,https://www.biospace.com/logon/,Bryanblairjr@gmail.com,Frog3764//,
www.biospace.com,https://www.biospace.com/logon/,bryan.blair@quinnipiac.edu,Dick1234/,
www.blinkist.com,https://www.blinkist.com/nc/books,bryanblairjr@gmail.com,Frog3764/,
www.bluehost.com,https://www.bluehost.com/web-hosting/signup,austinplumbing.helpdesk@gmail.com,Dick1234/,
www.bluehost.com,https://www.bluehost.com/web-hosting/signup,bblairwp,Dick1234/,
www.bodybuilding.com,https://www.bodybuilding.com/profile/login,bryanblairjr@gmail.com,Frog3764/,
www.bodybuilding.com,https://www.bodybuilding.com/store/account/login.jsp,bryan.blair@quinnipiac.edu,Frog3764/,
www.bovada.lv,https://www.bovada.lv/,bryan.blair@quinnipiac.edu,Dick1234/,
www.callawaygolfpreowned.com,https://www.callawaygolfpreowned.com/,Bryanblairjr@gmail.com,Frog3764/,
www.capitaliq.com,https://www.capitaliq.com/ciqdotnet/login-sso.aspx,bryan.blair@quinnipiac.edu,Fuck1234/,
www.capitalone.com,https://www.capitalone.com/,bryanblairjr1,Fuck1234/,
www.carhartt.com,https://www.carhartt.com/,Bryanblairjr@gmail.com,Frog3764//,
www.carnival.com,https://www.carnival.com/profilemanagement/accounts/reset-password,bryanblairjr@gmail.com,Frog3764/,
www.charter.net,https://www.charter.net/login/,bblair3094,?Frog4321,
www.chegg.com,https://www.chegg.com/auth,bryanblairjr@gmail.com,Dick12345/,
www.chegg.com,https://www.chegg.com/resetpassword,Dick12345/,Dick12345/,
www.clickpay.com,https://www.clickpay.com/custom/gh/login.html,bryanblairjr@gmail.com,Frog3764/,
www.coinbase.com,https://www.coinbase.com/signin,bryan.blair@quinnipiac.edu,?Frog1776,
www.coinbase.com,https://www.coinbase.com/signin,bryanblairjr@gmail.com,Frog3764/,
www.coned.com,https://www.coned.com/en/register/set-password,bryanblairjr@gmail.com,Frog3764/,
www.connect.ct.gov,https://www.connect.ct.gov/access/auth/accessController,bryanblair1,Xanex7675/,
www.creditkarma.com,https://www.creditkarma.com/auth/logon,bryan.blair@quinnipiac.edu,Xanex7675/,
www.creditonebank.com,https://www.creditonebank.com/,bryanblair1,Frog3764/,
www.credly.com,https://www.credly.com/users/sign_in,bryan.blair@gqrgm.com,Frog3764//,
www.cthires.com,https://www.cthires.com/vosnet/Retrieval/VerifyInfoIndividual.aspx,BLAIB110419,Dick1234!,
www.dailyfaceoff.com,https://www.dailyfaceoff.com/,bryan.blair@quinnipiac.edu,Dick1234/,
www.dandanzhu.com,https://www.dandanzhu.com/account/frame/login/create,bryan.blair@gqr.com,Frog3764//,
www.disneyplus.com,https://www.disneyplus.com/sign-up/password,bryanblairjr@gmail.com,Dick1234/,
www.draftkings.com,https://www.draftkings.com/account/reauth,bryan.blair@quinnipiac.edu,Frog3764//,
www.draftsharks.com,https://www.draftsharks.com/subscribe/pay-recurring-half,bryanblairjr@gmail.com,Frog3764/,
www.dropbox.com,https://www.dropbox.com/register,bblair@greenkeyllc.com,Frog3764!,
www.easypaymetrocard.com,https://www.easypaymetrocard.com/vector/static/accounts/index.shtml,bryanblair1,Hockey1996!,
www.edline.net,https://www.edline.net/Index.page,wtmmom19,buddy,
www.employeenavigator.com,https://www.employeenavigator.com/identity/Provisioning/RegisterAccount,bryanblairjr,Frog3764//,
www.eroids.com,https://www.eroids.com/,Averageandy1,Frog3764/,
www.evernote.com,https://www.evernote.com/ResetPassword.action,bryan.blair@quinnipiac.edu,Dick1234/,
www.evernote.com,https://www.evernote.com/business/free-trial,b.blairjr@outlook.com,Frog3764/,
www.evernote.com,https://www.evernote.com/business/free-trial,bmblair@quinnipiac.edu,Dick1234/,
www.evernote.com,https://www.evernote.com/secure/ChangeEmail.action,b.blair@sciproglobal.com,Frog3764/,
www.expressvpn.com,https://www.expressvpn.com/sign-in,bryan.blair@quinnipiac.edu,Dick1234/,
www.facebook.com,https://www.facebook.com/,ridefbc@gmail.com,dick1234,
www.facebook.com,https://www.facebook.com/login.php,bryan.blair@quinnipiac.edu,Frog3764/,
www.facebook.com,https://www.facebook.com/login/device-based/regular/login/,4136367675,dick1234,
www.fanatics.com,https://www.fanatics.com/register,bryanblairjr@gmail.com,Frog3764/,
www.fanduel.com,https://www.fanduel.com/join,bigbubs0,Dick1234/,
www.fanduel.com,https://www.fanduel.com/join,josephrispoli,Hockey19!,
www.fanduel.com,https://www.fanduel.com/login,b.blair1996@yahoo.com,Dick1234/,
www.fanduel.com,https://www.fanduel.com/login,b.blairjr@outlook.com,Frog3764/,
www.fanduel.com,https://www.fanduel.com/login,jrjets7@icloud.com,Hockey19!,
www.fantasynational.com,https://www.fantasynational.com/Account/SetPassword/hJTNvh6UwmRVGQX4MZlkZw2,bryan.blair@quinnipiac.edu,Dick1234/,
www.fantasypros.com,https://www.fantasypros.com/accounts/signin/,bryan.blair@quinnipiac.edu,dick9999,
www.fantasypros.com,https://www.fantasypros.com/myleagues/league-sync/sync/,jrjets7@gmail.com,Ilovelulu3,
www.fedex.com,https://www.fedex.com/fcl/;SHIPPINGSESSIONID=9IlW5YcKFc23mTOy-DHBxCrFsf7spf3v-OGX1J02hOzweTvYIPuc!-1462624450,bryan.blair@quinnipiac.edu,Dick1234/,
www.fitbit.com,https://www.fitbit.com/,,Frog3764/,
www.freefilefillableforms.com,https://www.freefilefillableforms.com/,bryanblair1,Dick1234/,
www.fubo.tv,https://www.fubo.tv/signup,bryanblairjr@gmail.com,Frog3764/,
www.fubo.tv,https://www.fubo.tv/signup/football,bblair@greenkeyllc.com,Frog3764/,
www.gamestop.com,https://www.gamestop.com/on/demandware.store/Sites-gamestop-us-Site/default/Account-SaveNewPassword,bryanblairjr@gmail.com,Frog3764!,
www.glassdoor.com,https://www.glassdoor.com/index.htm,bblair@greenkeyllc.com,Frog3764/,
www.globalgolf.com,https://www.globalgolf.com/,bryanblairjr@gmail.com,Frog3764/,
www.grammarly.com,https://www.grammarly.com/confirm-email-change,b.blair@sciproglobal.com,Dick1234/,
www.grammarly.com,https://www.grammarly.com/setnewpassword,bryanblairjr@gmail.com,Dick1234/,
www.grammarly.com,https://www.grammarly.com/signin,,Hockey19!,
www.grammarly.com,https://www.grammarly.com/signup,b.blairjr@outlook.com,Frog3764/,
www.harborfreight.com,https://www.harborfreight.com/,Bryanblairjr@gmail.com,Frog3764/,
www.harborfreight.com,https://www.harborfreight.com/customer/account/register,bryanblairjr@gmail.com,Frog3764/,
www.homechef.com,https://www.homechef.com/account/calendar,bryan.blair@quinnipiac.edu,Dick1234/,
www.homedepot.com,https://www.homedepot.com/auth/view/signin,bryanblairjr@gmail.com,Dick1234/,
www.instacart.com,https://www.instacart.com/,b.blairjr@outlook.com,Frog3764/,
www.instagram.com,https://www.instagram.com/accounts/login/,bryan.blair@quinnipiac.edu,dick1234,
www.intherooms.com,https://www.intherooms.com/user/login,bryanblairjr,Dick1234/,
www.jpay.com,https://www.jpay.com/FirstTime.aspx,bryanblairjr@gmail.com,!Frog3764,
www.kbb.com,https://www.kbb.com/mykbb/,bryan.blair@quinnipiac.edu,Dick1234/,
www.kliknpay.com,https://www.kliknpay.com/,bryanblairjr@gmail.com,Dick1234,
www.kohls.com,https://www.kohls.com/myaccount/kohls_login.jsp,bryanblairjr@gmail.com,Dick1234/,
www.lendingtree.com,https://www.lendingtree.com/forms/personal/kumquat/pl_2020,bryanblairjr@gmail.com,Dick1234,
www.lendingtree.com,https://www.lendingtree.com/forms/personal/kumquat/pl_rebrand_2,bryan.blair@quinnipiac.edu,Dick1234,
www.lendio.com,https://www.lendio.com/bp/login,bryan.blair@quinnipiac.edu,Dick1234/,
www.lids.com,https://www.lids.com/login,bryanblairjr@gmail.com,Frog3764/,
www.linkedin.com,https://www.linkedin.com/checkpoint/lg/login-submit,bryanblairjr@gmail.com,Frog3764/,
www.linkedin.com,https://www.linkedin.com/psettings/email,bryan.blair@quinnipiac.edu,Frog3764/,
www.linkedin.com,https://www.linkedin.com/psettings/email/add,bblair@greenkeyllc.com,Frog3764/,
www.linkedin.com,https://www.linkedin.com/psettings/email/add,bryan.blair@gqr.com,Frog3764/,
www.linkedin.com,https://www.linkedin.com/psettings/email/add,bryan.blair@gqrgm.com,Frog3764/,
www.linkedin.com,https://www.linkedin.com/uas/login-cap,b.blair@sciproglobal.com,Frog3764/,
www.macys.com,https://www.macys.com/account/createaccount,bryan.blair@gqr.com,Frog3764!,
www.marcus.com,https://www.marcus.com/,bryan.blair@quinnipiac.edu,Dick1234/,
www.mckinsey.com,https://www.mckinsey.com/capabilities/strategy-and-corporate-finance/our-insights/why-strategists-should-embrace-imperfection,bblair@greenkeyllc.com,Frog3764/,
www.menswearhouse.com,https://www.menswearhouse.com/,bryanblairjr@gmail.com,Frog3764/,
www.menswearhouse.com,https://www.menswearhouse.com/UserRegistrationForm,bryan.blair@quinnipiac.edu,Dick1234/,
www.mlb.com,https://www.mlb.com/,bryanblairjr@gmail.com,Frog3764/,
www.mojomarketplace.com,https://www.mojomarketplace.com/cart,austinplumbing.helpdesk@gmail.com,Dick1234/,
www.mojomarketplace.com,https://www.mojomarketplace.com/signup,bryanblair1,Dick1234/,
www.monkeyknifefight.com,https://www.monkeyknifefight.com/login,bryan.blair@quinnipiac.edu,dick9999,
www.muscleandstrength.com,https://www.muscleandstrength.com/,Bryanblairjr@gmail.com,Frog3764/,
www.mybobs.com,https://www.mybobs.com/login/pw/change,bryanblairjr@gmail.com,Dick1234,
www.myiclubonline.com,https://www.myiclubonline.com/iclub/members/signin,bryanblair00,Frog3764/,
www.myisolved.com,https://www.myisolved.com/,Bryanblairjr@gmail.com,Frog3764/3764,
www.mylo.id,https://www.mylo.id/set-password/a34136a0d215e35b4850cf82e081140f.0AOrl*uc*7.0907350ac91bcc0b489de04036061ff0bed0d946abcda18a676b31ee46604821f421953bae8592c0fdf093a74f2ccfdd926c030059ae01be0bfb05508193a32e249617d1108854e406dfffa2527543f65730c6b3dbc6a422176fdbe3dc80401f9eef55827d74eb772962f192c5ad16c603aea242562acdb479bb37bce744c49b6aab36b30dfaaf4809b7632fc5343a6a,bryan.blair@quinnipiac.edu,Frog3764/,
www.mypeoplenet.com,https://www.mypeoplenet.com/LogonVerify/RuId/login,tauqeerkarim@hotmail.com,Comilla1947@,
www.nerdwallet.com,https://www.nerdwallet.com/home/dashboard/home-value/my-home/Enfield/CT/06082/39%20Dartmoor,bryanblair1,Dick1234/,
www.netflix.com,https://www.netflix.com/,bryanblairjr@gmail.com,Frog3764/,
www.netflix.com,https://www.netflix.com/signup/regform,bmblair@quinnipiac.edu,Dick1234/,
www.nfl.com,https://www.nfl.com/account/sign-in,BigBubs00,Frog3764/,
www.nfl.com,https://www.nfl.com/login,jrjets7@gmail.com,Ilovelulu3,
www.nfl.com,https://www.nfl.com/register,BigBubs0,Dick1234/,
www.olly.social,https://www.olly.social/reset-password,bryanblairjr@gmail.com,Frog3764/,
www.onlythebestaas.com,https://www.onlythebestaas.com/,bryanblairjr@gmail.com,Frog3764/,
www.patagonia.com,https://www.patagonia.com/account/login/,bryanblairjr@gmail.com,Dick1234!,
www.paypal.com,https://www.paypal.com/us/signin,bryan.blair@quinnipiac.edu,Frog3764//3764,
www.peacocktv.com,https://www.peacocktv.com/,Frog3764//,Frog3764//,
www.peapod.com,https://www.peapod.com/personal-list,bryan.blair@quinnipiac.edu,Dick1234/,
www.peoplelooker.com,https://www.peoplelooker.com/account/password_update,bryan.blair@quinnipiac.edu,Dick1234/,
www.pfstore.com,https://www.pfstore.com/,bblair@greenkeyllc.com,Frog3764/,
www.pgatoursuperstore.com,https://www.pgatoursuperstore.com/accountlogin,bryanblairjr@gmail.com,Frog3764/,
www.pinchme.com,https://www.pinchme.com/auth/facebook/callback,bryan.blair@quinnipiac.edu,Frpg3764/,
www.portal.tooledupraccoons.com,https://www.portal.tooledupraccoons.com/,bblair@greenkeyllc.com,Frog3764/,
www.rakuten.com,https://www.rakuten.com/myaccount/verify.htm,bryanblairjr@gmail.com,Xanex7675/,
www.reddit.com,https://www.reddit.com/register/,BigBubsUnSen-Youtube,Xanex1776/,
www.rentcafe.com,https://www.rentcafe.com/residentservices/apartmentsforrent/userlogin.aspx,bryanblairjr@gmail.com, Password1234$,
www.rentcafe.com,https://www.rentcafe.com/residentservices/the-station-at-lyndhurst/userregistration.aspx,alanispina14@gmail.com,Frog3764//,
www.riu.com,https://www.riu.com/en/riu-class/index.jsp,95755866,Frog3764/,
www.securecafenet.com,https://www.securecafenet.com/residentservices/the-station-at-lyndhurst/userlogin,bryanblairjr@gmail.com,Frog3764/,
www.shopify.com,https://www.shopify.com/free-trial/ecommerce/short,bryan.blair@quinnipiac.edu,Dick1234/,
www.showtime.com,https://www.showtime.com/,bryan.blair@quinnipiac.edu,Dick1234/,
www.shutterstock.com,https://www.shutterstock.com/image-photo/adjustable-wrench-pipes-on-wooden-background-197136764,bryan.blair@quinnipiac.edu,Dick1234/,
www.sofi.com,https://www.sofi.com/login/,bryan.blair@quinnipiac.edu,Dick1234/,
www.spectrum.net,https://www.spectrum.net/reauth/,37wallstreet@charter.net,37-Wall-Street,
www.sportsbusinessdaily.com,https://www.sportsbusinessdaily.com/College-University/Subscribe/College-Subscription.aspx,bryan.blair@quinnipiac.edu,Dick1234/,
www.staples.com,https://www.staples.com/,Bryan,Dick1234/,
www.staples.com,https://www.staples.com/,Bryanblairjr@gmail.com,Dick1234/,
www.stubhub.com,https://www.stubhub.com/,,Frog3764/,
www.talkspace.com,https://www.talkspace.com/psychiatry,b.blair@sciproglobal.com,Frog3764/,
www.talkspace.com,https://www.talkspace.com/psychiatry,bryan.blair@quinnipiac.edu,Frog3764/,
www.thecheesecakefactory.com,https://www.thecheesecakefactory.com/account/signup,bryanblairjr@gmail.com,Frog3764!,
www.thriftbooks.com,https://www.thriftbooks.com/,bryanblairjr@gmail.com,Frog3764/,
www.toasttab.com,https://www.toasttab.com/,Bryanblairjr@gmail.com,Frog3764/,
www.triplemint.com,https://www.triplemint.com/brick,bryan.blair@quinnipiac.edu,Dick1234/,
www.ugg.com,https://www.ugg.com/cart,bryanblairjr@gmail.com,Dick1234!,
www.uniqlo.com,https://www.uniqlo.com/us/en/login,bryanblairjr@gmail.com,Frog3764/,
www.united.com,https://www.united.com/web/en-US/apps/account/account.aspx,bcblair1,Frog3764/,
www.upstart.com,https://www.upstart.com/login,bryan.blair@quinnipiac.edu,Dick123456/,
www.velo.com,https://www.velo.com/,bryanblairjr@gmail.com,Frog3764/,
www.verizon.com,https://www.verizon.com/orderinfo/createProfile,Bryanblairjr@gmail.com,Frog3764$,
www.walmart.com,https://www.walmart.com/account/login,bryan.blair@quinnipiac.edu,Dick1234/,
www.way.com,https://www.way.com/,Bryan.blair@quinnipiac.edu,UIUHMMV4,
www.wellrx.com,https://www.wellrx.com/member/register/,bryanblairjr@gmail.com,Frog3764/,
www.westendgolfclub.com,https://www.westendgolfclub.com/account/frame/login,bryanblairjr@gmail.com,Frog3764//,
www.westernunion.com,https://www.westernunion.com/us/en/send-money/app/login,bryan.blair@quinnipiac.edu,Fuck1234/,
www.whitepages.com,https://www.whitepages.com/,bryanblairjr@gmail.com,Frog3764/,
www.williamhill.com,https://www.williamhill.com/us/nj/bet/,b.blair1996@yahoo.com,Frog3764/,
www.wisetake.com,https://www.wisetake.com/register/sports-monthly-plan/,bigbubs,Hockey19!/,
www.zillow.com,https://www.zillow.com/user/InlineRegister.htm,bryan.blair@quinnipiac.edu,dick9999,
www.ziprecruiter.com,https://www.ziprecruiter.com/user/create-multistep,bblair@greenkeyllc.com,Frog3764/,
www1.nyc.gov,https://www1.nyc.gov/account/register.htm,bryanblairjr@gmail.com,Frog3764/,
www2.appone.com,https://www2.appone.com/Login/UserRegistration.aspx,bryanblairjr1,Frog3764/,
www2.benefitelect.com,https://www2.benefitelect.com/be/greenkey/Registration/tabid/6865/Default.aspx,bblairjr1,Frog37643764!,
www2.ctdol.state.ct.us,https://www2.ctdol.state.ct.us/1099login/english/commonlogin/commonlogin.aspx,bryanblair1,Dick1234/,
www2.hm.com,https://www2.hm.com/en_us/checkout,bryan.blair@quinnipiac.edu,Dick1234/,
www7b.tax.ny.gov,https://www7b.tax.ny.gov/,Bryanblair00,Frog37643764$$,
wyndenstark.my.salesforce.com,https://wyndenstark.my.salesforce.com/_ui/system/security/ChangePassword,bryanblairjr@gmail.com,Frog3764//,
xtalks.com,https://xtalks.com/register/,bryanblairjr@gmail.com, zXFZwa7uRKU9,
zapier.com,https://zapier.com/app/login/reset-password,bryanblairjr@gmail.com,Frog3764frog$,
